{
	"IcoMoonType": "selection",
	"icons": [
		{
			"icon": {
				"paths": [
					"M1024 590.444l-512-397.426-512 397.428v-162.038l512-397.426 512 397.428zM896 576v384h-256v-256h-256v256h-256v-384l384-288z"
				],
				"tags": [
					"home",
					"house"
				],
				"defaultCode": 59648,
				"grid": 16,
				"attrs": []
			},
			"attrs": [],
			"properties": {
				"ligatures": "home, house",
				"name": "home",
				"order": 2,
				"id": 1,
				"prevSize": 32,
				"code": 59648
			},
			"setIdx": 0,
			"setId": 1,
			"iconIdx": 0
		},
		{
			"icon": {
				"paths": [
					"M0 1024c128-384 463-1024 1024-1024-263 211-384 704-576 704s-192 0-192 0l-192 320h-64z"
				],
				"tags": [
					"quill",
					"feather",
					"write",
					"edit"
				],
				"defaultCode": 59655,
				"grid": 16,
				"attrs": []
			},
			"attrs": [],
			"properties": {
				"ligatures": "quill, feather",
				"name": "quill",
				"order": 3,
				"id": 8,
				"prevSize": 32,
				"code": 59655
			},
			"setIdx": 0,
			"setId": 1,
			"iconIdx": 7
		},
		{
			"icon": {
				"paths": [
					"M1024 576v-384h-192v-64c0-35.2-28.8-64-64-64h-704c-35.2 0-64 28.8-64 64v192c0 35.2 28.8 64 64 64h704c35.2 0 64-28.8 64-64v-64h128v256h-576v128h-32c-17.674 0-32 14.326-32 32v320c0 17.674 14.326 32 32 32h128c17.674 0 32-14.326 32-32v-320c0-17.674-14.326-32-32-32h-32v-64h576zM768 192h-704v-64h704v64z"
				],
				"tags": [
					"paint-format",
					"format",
					"color"
				],
				"defaultCode": 59660,
				"grid": 16,
				"attrs": []
			},
			"attrs": [],
			"properties": {
				"ligatures": "paint-format, format",
				"name": "paint-format",
				"order": 4,
				"id": 13,
				"prevSize": 32,
				"code": 59660
			},
			"setIdx": 0,
			"setId": 1,
			"iconIdx": 12
		},
		{
			"icon": {
				"width": 1152,
				"paths": [
					"M1088 128h-64v-64c0-35.2-28.8-64-64-64h-896c-35.2 0-64 28.8-64 64v768c0 35.2 28.8 64 64 64h64v64c0 35.2 28.8 64 64 64h896c35.2 0 64-28.8 64-64v-768c0-35.2-28.8-64-64-64zM128 192v640h-63.886c-0.040-0.034-0.082-0.076-0.114-0.116v-767.77c0.034-0.040 0.076-0.082 0.114-0.114h895.77c0.040 0.034 0.082 0.076 0.116 0.116v63.884h-768c-35.2 0-64 28.8-64 64v0zM1088 959.884c-0.034 0.040-0.076 0.082-0.116 0.116h-895.77c-0.040-0.034-0.082-0.076-0.114-0.116v-767.77c0.034-0.040 0.076-0.082 0.114-0.114h895.77c0.040 0.034 0.082 0.076 0.116 0.116v767.768z",
					"M960 352c0 53.020-42.98 96-96 96s-96-42.98-96-96 42.98-96 96-96 96 42.98 96 96z",
					"M1024 896h-768v-128l224-384 256 320h64l224-192z"
				],
				"tags": [
					"images",
					"pictures",
					"photos",
					"graphics"
				],
				"defaultCode": 59662,
				"grid": 16,
				"attrs": []
			},
			"attrs": [],
			"properties": {
				"ligatures": "images, pictures",
				"name": "images",
				"order": 5,
				"id": 15,
				"prevSize": 32,
				"code": 59662
			},
			"setIdx": 0,
			"setId": 1,
			"iconIdx": 14
		},
		{
			"icon": {
				"paths": [
					"M304 608c0 114.876 93.124 208 208 208s208-93.124 208-208-93.124-208-208-208-208 93.124-208 208zM960 256h-224c-16-64-32-128-96-128h-256c-64 0-80 64-96 128h-224c-35.2 0-64 28.8-64 64v576c0 35.2 28.8 64 64 64h896c35.2 0 64-28.8 64-64v-576c0-35.2-28.8-64-64-64zM512 892c-156.85 0-284-127.148-284-284 0-156.85 127.15-284 284-284 156.852 0 284 127.15 284 284 0 156.852-127.146 284-284 284zM960 448h-128v-64h128v64z"
				],
				"tags": [
					"camera",
					"photo",
					"picture",
					"image"
				],
				"defaultCode": 59663,
				"grid": 16,
				"attrs": []
			},
			"attrs": [],
			"properties": {
				"ligatures": "camera, photo",
				"name": "camera",
				"order": 6,
				"id": 16,
				"prevSize": 32,
				"code": 59663
			},
			"setIdx": 0,
			"setId": 1,
			"iconIdx": 15
		},
		{
			"icon": {
				"paths": [
					"M864 0h-768c-52.8 0-96 43.2-96 96v832c0 52.8 43.2 96 96 96h768c52.8 0 96-43.2 96-96v-832c0-52.8-43.2-96-96-96zM832 896h-704v-768h704v768zM256 576h448v64h-448zM256 704h448v64h-448zM320 288c0-53.019 42.981-96 96-96s96 42.981 96 96c0 53.019-42.981 96-96 96s-96-42.981-96-96zM480 384h-128c-52.8 0-96 28.8-96 64v64h320v-64c0-35.2-43.2-64-96-64z"
				],
				"tags": [
					"profile",
					"file",
					"document",
					"page",
					"user",
					"paper"
				],
				"defaultCode": 59683,
				"grid": 16,
				"attrs": []
			},
			"attrs": [],
			"properties": {
				"ligatures": "profile, file2",
				"name": "profile",
				"order": 11,
				"id": 36,
				"prevSize": 32,
				"code": 59683
			},
			"setIdx": 0,
			"setId": 1,
			"iconIdx": 35
		},
		{
			"icon": {
				"paths": [
					"M832 896h-640v-128l192-320 263 320 185-128v256z",
					"M832 480c0 53.020-42.98 96-96 96-53.022 0-96-42.98-96-96s42.978-96 96-96c53.020 0 96 42.98 96 96z",
					"M917.806 229.076c-22.212-30.292-53.174-65.7-87.178-99.704s-69.412-64.964-99.704-87.178c-51.574-37.82-76.592-42.194-90.924-42.194h-496c-44.112 0-80 35.888-80 80v864c0 44.112 35.888 80 80 80h736c44.112 0 80-35.888 80-80v-624c0-14.332-4.372-39.35-42.194-90.924zM785.374 174.626c30.7 30.7 54.8 58.398 72.58 81.374h-153.954v-153.946c22.984 17.78 50.678 41.878 81.374 72.572zM896 944c0 8.672-7.328 16-16 16h-736c-8.672 0-16-7.328-16-16v-864c0-8.672 7.328-16 16-16 0 0 495.956-0.002 496 0v224c0 17.672 14.326 32 32 32h224v624z"
				],
				"tags": [
					"file-picture",
					"file",
					"document",
					"file-image"
				],
				"defaultCode": 59687,
				"grid": 16,
				"attrs": []
			},
			"attrs": [],
			"properties": {
				"ligatures": "file-picture, file5",
				"name": "file-picture",
				"order": 12,
				"id": 40,
				"prevSize": 32,
				"code": 59687
			},
			"setIdx": 0,
			"setId": 1,
			"iconIdx": 39
		},
		{
			"icon": {
				"paths": [
					"M576 248.372v-248.372l384 384-384 384v-253.824c-446.75-10.482-427.588 303.792-313.86 509.824-280.712-303.414-221.1-789.57 313.86-775.628z"
				],
				"tags": [
					"redo",
					"right",
					"arrow-right"
				],
				"defaultCode": 59752,
				"grid": 16,
				"attrs": []
			},
			"attrs": [],
			"properties": {
				"ligatures": "redo2, right",
				"name": "redo2",
				"order": 13,
				"id": 105,
				"prevSize": 32,
				"code": 59752
			},
			"setIdx": 0,
			"setId": 1,
			"iconIdx": 104
		},
		{
			"icon": {
				"paths": [
					"M262.14 0c-113.728 206.032-132.89 520.304 313.86 509.824v-253.824l384 384-384 384v-248.372c-534.96 13.942-594.572-472.214-313.86-775.628z"
				],
				"tags": [
					"forward",
					"right",
					"arrow-right"
				],
				"defaultCode": 59753,
				"grid": 16,
				"attrs": []
			},
			"attrs": [],
			"properties": {
				"ligatures": "forward, right2",
				"name": "forward",
				"order": 14,
				"id": 106,
				"prevSize": 32,
				"code": 59753
			},
			"setIdx": 0,
			"setId": 1,
			"iconIdx": 105
		},
		{
			"icon": {
				"paths": [
					"M448 775.628v248.372l-384-384 384-384v253.824c446.75 10.48 427.588-303.792 313.862-509.824 280.71 303.414 221.1 789.57-313.862 775.628z"
				],
				"tags": [
					"reply",
					"left",
					"arrow-left"
				],
				"defaultCode": 59754,
				"grid": 16,
				"attrs": []
			},
			"attrs": [],
			"properties": {
				"ligatures": "reply, left2",
				"name": "reply",
				"order": 15,
				"id": 107,
				"prevSize": 32,
				"code": 59754
			},
			"setIdx": 0,
			"setId": 1,
			"iconIdx": 106
		},
		{
			"icon": {
				"width": 1152,
				"paths": [
					"M768 770.612v-52.78c70.498-39.728 128-138.772 128-237.832 0-159.058 0-288-192-288s-192 128.942-192 288c0 99.060 57.502 198.104 128 237.832v52.78c-217.102 17.748-384 124.42-384 253.388h896c0-128.968-166.898-235.64-384-253.388z",
					"M327.196 795.328c55.31-36.15 124.080-63.636 199.788-80.414-15.054-17.784-28.708-37.622-40.492-59.020-30.414-55.234-46.492-116.058-46.492-175.894 0-86.042 0-167.31 30.6-233.762 29.706-64.504 83.128-104.496 159.222-119.488-16.914-76.48-61.94-126.75-181.822-126.75-192 0-192 128.942-192 288 0 99.060 57.502 198.104 128 237.832v52.78c-217.102 17.748-384 124.42-384 253.388h279.006c14.518-12.91 30.596-25.172 48.19-36.672z"
				],
				"tags": [
					"users",
					"group",
					"team",
					"members",
					"community",
					"collaborate"
				],
				"defaultCode": 59762,
				"grid": 16,
				"attrs": []
			},
			"attrs": [],
			"properties": {
				"ligatures": "users, group",
				"name": "users",
				"order": 18,
				"id": 115,
				"prevSize": 32,
				"code": 59762
			},
			"setIdx": 0,
			"setId": 1,
			"iconIdx": 114
		},
		{
			"icon": {
				"width": 1024,
				"paths": [
					"M384 736c0-151.234 95.874-280.486 230.032-330.2 16.28-36.538 25.968-77.164 25.968-117.8 0-159.058 0-288-192-288s-192 128.942-192 288c0 99.060 57.502 198.104 128 237.832v52.78c-217.102 17.748-384 124.42-384 253.388h397.306c-8.664-30.53-13.306-62.732-13.306-96z",
					"M736 448c-159.058 0-288 128.942-288 288s128.942 288 288 288c159.056 0 288-128.942 288-288s-128.942-288-288-288zM896 768h-128v128h-64v-128h-128v-64h128v-128h64v128h128v64z"
				],
				"tags": [
					"user-plus",
					"user",
					"user-add",
					"profile",
					"avatar",
					"person",
					"member"
				],
				"defaultCode": 59763,
				"grid": 16,
				"attrs": []
			},
			"attrs": [],
			"properties": {
				"ligatures": "user-plus, user2",
				"name": "user-plus",
				"order": 16,
				"id": 116,
				"prevSize": 32,
				"code": 59763
			},
			"setIdx": 0,
			"setId": 1,
			"iconIdx": 115
		},
		{
			"icon": {
				"width": 1024,
				"paths": [
					"M384 736c0-151.234 95.874-280.486 230.032-330.2 16.28-36.538 25.968-77.164 25.968-117.8 0-159.058 0-288-192-288s-192 128.942-192 288c0 99.060 57.502 198.104 128 237.832v52.78c-217.102 17.748-384 124.42-384 253.388h397.306c-8.664-30.53-13.306-62.732-13.306-96z",
					"M736 448c-159.058 0-288 128.942-288 288s128.942 288 288 288c159.056 0 288-128.942 288-288s-128.942-288-288-288zM896 768h-320v-64h320v64z"
				],
				"tags": [
					"user-minus",
					"user",
					"user-remove",
					"profile",
					"avatar",
					"person",
					"member"
				],
				"defaultCode": 59764,
				"grid": 16,
				"attrs": []
			},
			"attrs": [],
			"properties": {
				"ligatures": "user-minus, user3",
				"name": "user-minus",
				"order": 17,
				"id": 117,
				"prevSize": 32,
				"code": 59764
			},
			"setIdx": 0,
			"setId": 1,
			"iconIdx": 116
		},
		{
			"icon": {
				"width": 1024,
				"paths": [
					"M960 608l-288 288-96-96-64 64 160 160 352-352z",
					"M448 768h320v-115.128c-67.22-39.2-156.308-66.11-256-74.26v-52.78c70.498-39.728 128-138.772 128-237.832 0-159.058 0-288-192-288s-192 128.942-192 288c0 99.060 57.502 198.104 128 237.832v52.78c-217.102 17.748-384 124.42-384 253.388h448v-64z"
				],
				"tags": [
					"user-check",
					"user",
					"user-tick",
					"profile",
					"avatar",
					"person",
					"member"
				],
				"defaultCode": 59765,
				"grid": 16,
				"attrs": []
			},
			"attrs": [],
			"properties": {
				"ligatures": "user-check, user4",
				"name": "user-check",
				"order": 19,
				"id": 118,
				"prevSize": 32,
				"code": 59765
			},
			"setIdx": 0,
			"setId": 1,
			"iconIdx": 117
		},
		{
			"icon": {
				"paths": [
					"M512 0c-282.8 0-512 229.2-512 512s229.2 512 512 512 512-229.2 512-512-229.2-512-512-512zM519.6 896c-212.2 0-384-171.8-384-384s171.8-384 384-384c103.6 0 190.4 37.8 257.2 100.4l-104.2 100.4c-28.6-27.4-78.4-59.2-153-59.2-131.2 0-238 108.6-238 242.4s107 242.4 238 242.4c152 0 209-109.2 217.8-165.6h-217.8v-131.6h362.6c3.2 19.2 6 38.4 6 63.6 0.2 219.4-146.8 375.2-368.6 375.2z"
				],
				"tags": [
					"google",
					"brand"
				],
				"defaultCode": 60042,
				"grid": 16,
				"attrs": []
			},
			"attrs": [],
			"properties": {
				"name": "google3",
				"ligatures": "google3, brand4",
				"order": 28,
				"id": 395,
				"prevSize": 32,
				"code": 60042
			},
			"setIdx": 0,
			"setId": 1,
			"iconIdx": 394
		},
		{
			"icon": {
				"paths": [
					"M325.8 457.4v111.8h184.8c-7.4 48-55.8 140.6-184.8 140.6-111.2 0-202-92.2-202-205.8s90.8-205.8 202-205.8c63.4 0 105.6 27 129.8 50.2l88.4-85.2c-56.8-53-130.4-85.2-218.2-85.2-180.2 0.2-325.8 145.8-325.8 326s145.6 325.8 325.8 325.8c188 0 312.8-132.2 312.8-318.4 0-21.4-2.4-37.8-5.2-54h-307.6z",
					"M1024 448h-96v-96h-96v96h-96v96h96v96h96v-96h96z"
				],
				"tags": [
					"google-plus",
					"brand",
					"social"
				],
				"defaultCode": 60043,
				"grid": 16,
				"attrs": []
			},
			"attrs": [],
			"properties": {
				"ligatures": "google-plus, brand5",
				"name": "google-plus",
				"order": 29,
				"id": 396,
				"prevSize": 32,
				"code": 60043
			},
			"setIdx": 0,
			"setId": 1,
			"iconIdx": 395
		},
		{
			"icon": {
				"paths": [
					"M608 192h160v-192h-160c-123.514 0-224 100.486-224 224v96h-128v192h128v512h192v-512h160l32-192h-192v-96c0-17.346 14.654-32 32-32z"
				],
				"tags": [
					"facebook",
					"brand",
					"social"
				],
				"defaultCode": 60048,
				"grid": 16,
				"attrs": []
			},
			"attrs": [],
			"properties": {
				"ligatures": "facebook, brand10",
				"name": "facebook",
				"order": 27,
				"id": 401,
				"prevSize": 32,
				"code": 60048
			},
			"setIdx": 0,
			"setId": 1,
			"iconIdx": 400
		},
		{
			"icon": {
				"paths": [
					"M928 0h-832c-52.8 0-96 43.2-96 96v832c0 52.8 43.2 96 96 96h416v-448h-128v-128h128v-64c0-105.8 86.2-192 192-192h128v128h-128c-35.2 0-64 28.8-64 64v64h192l-32 128h-160v448h288c52.8 0 96-43.2 96-96v-832c0-52.8-43.2-96-96-96z"
				],
				"tags": [
					"facebook",
					"brand",
					"social"
				],
				"defaultCode": 60049,
				"grid": 16,
				"attrs": []
			},
			"attrs": [],
			"properties": {
				"ligatures": "facebook2, brand11",
				"name": "facebook2",
				"order": 26,
				"id": 402,
				"prevSize": 32,
				"code": 60049
			},
			"setIdx": 0,
			"setId": 1,
			"iconIdx": 401
		},
		{
			"icon": {
				"paths": [
					"M873 148.8c-95.8-96-223.2-148.8-359-148.8-279.6 0-507.2 227.6-507.2 507.4 0 89.4 23.4 176.8 67.8 253.6l-72 263 269-70.6c74.2 40.4 157.6 61.8 242.4 61.8h0.2c0 0 0 0 0 0 279.6 0 507.4-227.6 507.4-507.4 0-135.6-52.8-263-148.6-359zM514.2 929.6v0c-75.8 0-150-20.4-214.8-58.8l-15.4-9.2-159.6 41.8 42.6-155.6-10-16c-42.4-67-64.6-144.6-64.6-224.4 0-232.6 189.2-421.8 422-421.8 112.6 0 218.6 44 298.2 123.6 79.6 79.8 123.4 185.6 123.4 298.4-0.2 232.8-189.4 422-421.8 422zM745.4 613.6c-12.6-6.4-75-37-86.6-41.2s-20-6.4-28.6 6.4c-8.4 12.6-32.8 41.2-40.2 49.8-7.4 8.4-14.8 9.6-27.4 3.2s-53.6-19.8-102-63c-37.6-33.6-63.2-75.2-70.6-87.8s-0.8-19.6 5.6-25.8c5.8-5.6 12.6-14.8 19-22.2s8.4-12.6 12.6-21.2c4.2-8.4 2.2-15.8-1-22.2s-28.6-68.8-39-94.2c-10.2-24.8-20.8-21.4-28.6-21.8-7.4-0.4-15.8-0.4-24.2-0.4s-22.2 3.2-33.8 15.8c-11.6 12.6-44.4 43.4-44.4 105.8s45.4 122.6 51.8 131.2c6.4 8.4 89.4 136.6 216.6 191.4 30.2 13 53.8 20.8 72.2 26.8 30.4 9.6 58 8.2 79.8 5 24.4-3.6 75-30.6 85.6-60.2s10.6-55 7.4-60.2c-3-5.6-11.4-8.8-24.2-15.2z"
				],
				"tags": [
					"whatsapp",
					"brand",
					"social"
				],
				"defaultCode": 60051,
				"grid": 16,
				"attrs": []
			},
			"attrs": [],
			"properties": {
				"name": "whatsapp",
				"ligatures": "whatsapp, brand13",
				"order": 30,
				"id": 404,
				"prevSize": 32,
				"code": 60051
			},
			"setIdx": 0,
			"setId": 1,
			"iconIdx": 403
		},
		{
			"icon": {
				"paths": [
					"M957.796 384h-57.406c-35.166 0-65.988-29.742-68.39-64v0c0.004-182.668-147.258-320-331.19-320h-167.824c-183.812 0-332.856 148-332.986 330.666v362.798c0 182.654 149.174 330.536 332.984 330.536h358.42c183.948 0 332.596-147.882 332.596-330.536v-234.382c0-36.502-29.44-75.082-66.204-75.082zM320 256h192c35.2 0 64 28.8 64 64s-28.8 64-64 64h-192c-35.2 0-64-28.8-64-64s28.8-64 64-64zM704 768h-384c-35.2 0-64-28.8-64-64s28.8-64 64-64h384c35.2 0 64 28.8 64 64s-28.8 64-64 64z"
				],
				"tags": [
					"blogger",
					"brand",
					"social"
				],
				"defaultCode": 60087,
				"grid": 16,
				"attrs": []
			},
			"attrs": [],
			"properties": {
				"ligatures": "blogger, brand47",
				"name": "blogger",
				"order": 25,
				"id": 440,
				"prevSize": 32,
				"code": 60087
			},
			"setIdx": 0,
			"setId": 1,
			"iconIdx": 439
		},
		{
			"icon": {
				"paths": [
					"M928 0h-832c-52.8 0-96 43.2-96 96v832c0 52.8 43.2 96 96 96h832c52.8 0 96-43.2 96-96v-832c0-52.8-43.2-96-96-96zM896 648c0 137-111.4 248-249.4 248h-268.8c-138 0-249.8-111-249.8-248v-272c0-137 111.8-248 249.8-248h125.8c138 0 248.4 103 248.4 240 1.8 25.6 25 48 51.2 48h43c27.6 0 49.6 29 49.6 56.4v175.6z",
					"M704 640c0 35.2-28.8 64-64 64h-256c-35.2 0-64-28.8-64-64v0c0-35.2 28.8-64 64-64h256c35.2 0 64 28.8 64 64v0z",
					"M576 384c0 35.2-28.8 64-64 64h-128c-35.2 0-64-28.8-64-64v0c0-35.2 28.8-64 64-64h128c35.2 0 64 28.8 64 64v0z"
				],
				"tags": [
					"blogger",
					"brand",
					"social"
				],
				"defaultCode": 60088,
				"grid": 16,
				"attrs": []
			},
			"attrs": [],
			"properties": {
				"ligatures": "blogger2, brand48",
				"name": "blogger2",
				"order": 24,
				"id": 441,
				"prevSize": 32,
				"code": 60088
			},
			"setIdx": 0,
			"setId": 1,
			"iconIdx": 440
		},
		{
			"icon": {
				"paths": [
					"M791.498 544.092c-1.294-129.682 105.758-191.876 110.542-194.966-60.152-88.020-153.85-100.078-187.242-101.472-79.742-8.074-155.596 46.948-196.066 46.948-40.368 0-102.818-45.754-168.952-44.552-86.916 1.292-167.058 50.538-211.812 128.38-90.304 156.698-23.126 388.84 64.89 515.926 43.008 62.204 94.292 132.076 161.626 129.58 64.842-2.588 89.362-41.958 167.756-41.958s100.428 41.958 169.050 40.67c69.774-1.296 113.982-63.398 156.692-125.796 49.39-72.168 69.726-142.038 70.924-145.626-1.548-0.706-136.060-52.236-137.408-207.134zM662.562 163.522c35.738-43.358 59.86-103.512 53.28-163.522-51.478 2.096-113.878 34.29-150.81 77.55-33.142 38.376-62.148 99.626-54.374 158.436 57.466 4.484 116.128-29.204 151.904-72.464z"
				],
				"tags": [
					"apple",
					"brand"
				],
				"defaultCode": 60094,
				"grid": 16,
				"attrs": []
			},
			"attrs": [],
			"properties": {
				"ligatures": "apple, brand53",
				"name": "appleinc",
				"order": 23,
				"id": 447,
				"prevSize": 32,
				"code": 60094
			},
			"setIdx": 0,
			"setId": 1,
			"iconIdx": 446
		},
		{
			"icon": {
				"paths": [
					"M896 384c-35.2 0-64 28.8-64 64v256c0 35.2 28.8 64 64 64s64-28.8 64-64v-256c0-35.2-28.8-64-64-64zM128 384c-35.2 0-64 28.8-64 64v256c0 35.2 28.8 64 64 64s64-28.8 64-64v-256c0-35.2-28.802-64-64-64zM224 736c0 53.020 42.98 96 96 96v0 128c0 35.2 28.8 64 64 64s64-28.8 64-64v-128h128v128c0 35.2 28.8 64 64 64s64-28.8 64-64v-128c53.020 0 96-42.98 96-96v-352h-576v352z",
					"M798.216 320.002c-9.716-87.884-59.004-163.792-129.62-209.646l32.024-64.046c7.904-15.806 1.496-35.028-14.31-42.932s-35.030-1.496-42.932 14.312l-32.142 64.286-8.35-3.316c-28.568-9.502-59.122-14.66-90.886-14.66-31.762 0-62.316 5.158-90.888 14.656l-8.348 3.316-32.142-64.282c-7.904-15.808-27.128-22.212-42.932-14.312-15.808 7.904-22.214 27.126-14.312 42.932l32.022 64.046c-70.616 45.852-119.904 121.762-129.622 209.644v32h574.222v-31.998h-1.784zM416 256c-17.674 0-32-14.328-32-32 0-17.648 14.288-31.958 31.93-31.996 0.032 0 0.062 0.002 0.094 0.002 0.018 0 0.036-0.002 0.052-0.002 17.638 0.042 31.924 14.35 31.924 31.996 0 17.672-14.326 32-32 32zM608 256c-17.674 0-32-14.328-32-32 0-17.646 14.286-31.954 31.924-31.996 0.016 0 0.034 0.002 0.050 0.002 0.032 0 0.064-0.002 0.096-0.002 17.64 0.038 31.93 14.348 31.93 31.996 0 17.672-14.326 32-32 32z"
				],
				"tags": [
					"android",
					"brand",
					"os",
					"mobile"
				],
				"defaultCode": 60096,
				"grid": 16,
				"attrs": []
			},
			"attrs": [],
			"properties": {
				"ligatures": "android, brand55",
				"name": "android",
				"order": 22,
				"id": 449,
				"prevSize": 32,
				"code": 60096
			},
			"setIdx": 0,
			"setId": 1,
			"iconIdx": 448
		},
		{
			"icon": {
				"paths": [
					"M1022.526 334.14l-11.86 76.080c0 0-16.954-140.856-37.732-193.514-31.846-80.688-46.014-80.040-46.108-79.922 21.33 54.204 17.462 83.324 17.462 83.324s-37.792-102.998-137.712-135.768c-110.686-36.282-170.57-26.364-177.488-24.486-1.050-0.008-2.064-0.010-3.030-0.010 0.818 0.062 1.612 0.146 2.426 0.212-0.034 0.020-0.090 0.042-0.082 0.052 0.45 0.548 122.306 21.302 143.916 50.996 0 0-51.76 0-103.272 14.842-2.328 0.666 189.524 23.964 228.746 215.674 0 0-21.030-43.876-47.040-51.328 17.106 52.036 12.714 150.776-3.576 199.85-2.096 6.312-4.24-27.282-36.328-41.75 10.28 73.646-0.616 190.456-51.708 222.632-3.982 2.504 32.030-115.31 7.242-69.762-142.708 218.802-311.404 100.972-387.248 49.11 38.866 8.462 112.654-1.318 145.314-25.612 0.042-0.030 0.078-0.056 0.118-0.086 35.468-24.252 56.472-41.964 75.334-37.772 18.874 4.214 31.438-14.726 16.78-31.53-14.676-16.838-50.314-39.978-98.524-27.366-34 8.904-76.134 46.522-140.448 8.432-49.364-29.25-54.012-53.546-54.45-70.376 1.218-5.966 2.754-11.536 4.576-16.624 5.682-15.87 22.912-20.658 32.494-24.438 16.256 2.792 30.262 7.862 44.968 15.406 0.19-4.894 0.252-11.39-0.018-18.76 1.41-2.802 0.538-11.252-1.722-21.58-1.302-10.308-3.42-20.974-6.752-30.692 0.012-0.002 0.020-0.010 0.030-0.014 0.056-0.018 0.108-0.040 0.156-0.070 0.078-0.044 0.146-0.112 0.208-0.19 0.012-0.020 0.030-0.034 0.044-0.052 0.082-0.124 0.154-0.272 0.198-0.466 1.020-4.618 12.022-13.524 25.718-23.1 12.272-8.58 26.702-17.696 38.068-24.752 10.060-6.248 17.72-10.882 19.346-12.098 0.618-0.466 1.358-1.012 2.164-1.636 0.15-0.116 0.3-0.232 0.454-0.354 0.094-0.074 0.19-0.148 0.286-0.226 5.41-4.308 13.484-12.448 15.178-29.578 0.004-0.042 0.010-0.080 0.012-0.122 0.050-0.504 0.092-1.014 0.13-1.534 0.028-0.362 0.050-0.726 0.072-1.096 0.014-0.284 0.032-0.566 0.044-0.856 0.030-0.674 0.050-1.364 0.060-2.064 0-0.040 0.002-0.076 0.004-0.116 0.022-1.658-0.006-3.386-0.104-5.202-0.054-1.014-0.126-1.93-0.298-2.762-0.008-0.044-0.018-0.092-0.028-0.136-0.018-0.082-0.036-0.164-0.058-0.244-0.036-0.146-0.076-0.292-0.122-0.43-0.006-0.018-0.010-0.032-0.016-0.046-0.052-0.16-0.112-0.314-0.174-0.464-0.004-0.006-0.004-0.010-0.006-0.016-1.754-4.108-8.32-5.658-35.442-6.118-0.026-0.002-0.050-0.002-0.076-0.002v0c-11.066-0.188-25.538-0.194-44.502-0.118-33.25 0.134-51.628-32.504-57.494-45.132 8.040-44.46 31.276-76.142 69.45-97.626 0.722-0.406 0.58-0.742-0.274-0.978 7.464-4.514-90.246-0.124-135.186 57.036-39.888-9.914-74.654-9.246-104.616-2.214-5.754-0.162-12.924-0.88-21.434-2.652-19.924-18.056-48.448-51.402-49.976-91.208 0 0-0.092 0.072-0.252 0.204-0.020-0.382-0.056-0.76-0.072-1.142 0 0-60.716 46.664-51.628 173.882-0.022 2.036-0.064 3.986-0.12 5.874-16.432 22.288-24.586 41.020-25.192 45.156-14.56 29.644-29.334 74.254-41.356 141.98 0 0 8.408-26.666 25.284-56.866-12.412 38.022-22.164 97.156-16.436 185.856 0 0 1.514-19.666 6.874-47.994 4.186 55.010 22.518 122.924 68.858 202.788 88.948 153.32 225.67 230.74 376.792 242.616 26.836 2.212 54.050 2.264 81.424 0.186 2.516-0.178 5.032-0.364 7.55-0.574 30.964-2.174 62.134-6.852 93.238-14.366 425.172-102.798 378.942-616.198 378.942-616.198z"
				],
				"tags": [
					"firefox",
					"browser",
					"internet",
					"brand"
				],
				"defaultCode": 60122,
				"grid": 16,
				"attrs": []
			},
			"attrs": [],
			"properties": {
				"ligatures": "firefox, browser2",
				"name": "firefox",
				"order": 21,
				"id": 475,
				"prevSize": 32,
				"code": 60122
			},
			"setIdx": 0,
			"setId": 1,
			"iconIdx": 474
		},
		{
			"icon": {
				"paths": [
					"M734.202 628.83h236.050c1.82-16.37 2.548-33.098 2.548-50.196 0-80.224-21.534-155.468-59.124-220.266 38.88-103.308 37.492-190.988-14.556-243.39-49.496-49.28-182.29-41.28-332.412 25.198-11.104-0.84-22.318-1.272-33.638-1.272-206.048 0-378.926 141.794-426.708 332.85 64.638-82.754 132.638-142.754 223.478-186.448-8.26 7.74-56.454 55.652-64.56 63.764-239.548 239.478-315.090 552.306-233.806 633.604 61.786 61.774 173.758 51.342 302.376-11.648 59.806 30.458 127.5 47.63 199.218 47.63 193.134 0 356.804-124.316 416.090-297.448h-237.868c-32.734 60.382-96.748 101.48-170.218 101.48-73.468 0-137.484-41.098-170.216-101.48-14.55-27.274-22.914-58.554-22.914-91.656v-0.722h386.26zM348.302 512.804c5.456-97.11 86.2-174.584 184.766-174.584s179.312 77.472 184.766 174.584h-369.532zM896.966 163.808c33.526 33.88 32.688 96.214 4.012 174.022-49.136-74.908-120.518-133.936-204.792-167.64 90.106-38.638 163.406-43.756 200.78-6.382zM93.482 967.256c-42.782-42.796-29.884-132.618 25.23-240.832 34.308 96.27 101.156 177.090 187.336 229.154-95.43 43.318-173.536 50.674-212.566 11.678z"
				],
				"tags": [
					"IE",
					"browser",
					"internet-explorer",
					"brand"
				],
				"defaultCode": 60123,
				"grid": 16,
				"attrs": []
			},
			"attrs": [],
			"properties": {
				"ligatures": "IE, browser3",
				"name": "IE",
				"order": 20,
				"id": 476,
				"prevSize": 32,
				"code": 60123
			},
			"setIdx": 0,
			"setId": 1,
			"iconIdx": 475
		}
	],
	"height": 1024,
	"preferences": {
		"showGlyphs": true,
		"showQuickUse": true,
		"showQuickUse2": true,
		"showSVGs": true,
		"fontPref": {
			"prefix": "icon-",
			"metadata": {
				"fontFamily": "icomoon"
			},
			"metrics": {
				"emSize": 1024,
				"baseline": 6.25,
				"whitespace": 50
			},
			"embed": false
		},
		"imagePref": {
			"prefix": "icon-",
			"png": true,
			"useClassSelector": true,
			"color": 0,
			"bgColor": 16777215,
			"classSelector": ".icon"
		},
		"historySize": 100,
		"showCodes": true,
		"gridSize": 16
	}
}